Week,Branch,SKU,Product_Name,Category,Units_Used
1,North Branch,PPE-001,Nitrile Examination Gloves (Box/100),PPE,91
1,North Branch,PPE-002,Surgical Face Masks (Box/50),PPE,84
1,North Branch,PPE-003,N95 Respirators (Box/20),PPE,52
1,North Branch,PPE-004,Isolation Gowns Disposable,PPE,149
1,North Branch,PPE-005,Face Shields Disposable,PPE,41
1,North Branch,INJ-001,Syringes 5ml with Needle,Injection & Infusion,62
1,North Branch,INJ-002,IV Catheters 18G,Injection & Infusion,39
1,North Branch,INJ-003,IV Tubing Sets,Injection & Infusion,110
1,North Branch,INJ-004,Infusion Sets with Filter,Injection & Infusion,74
1,North Branch,WND-001,Gauze Swabs Sterile 4x4 (Pack/10),Wound Care,103
1,North Branch,WND-002,Bandage Rolls 4 inch,Wound Care,58
1,North Branch,WND-003,Surgical Adhesive Tape 1 inch,Wound Care,57
1,North Branch,WND-004,Antiseptic Wipes (Pack/100),Wound Care,65
1,North Branch,GEN-001,Tongue Depressors (Pack/100),General Supplies,33
1,North Branch,GEN-002,Urine Collection Cups,General Supplies,83
1,North Branch,GEN-003,Sharps Containers 1 Gallon,General Supplies,25
1,North Branch,GEN-004,Hand Sanitizer 500ml,General Supplies,44
1,North Branch,GEN-005,Disposable Bed Sheets,General Supplies,72
1,North Branch,GEN-006,Pulse Oximeter Probes Disposable,General Supplies,37
1,North Branch,GEN-007,Oxygen Masks Adult,General Supplies,35
1,South Branch,PPE-001,Nitrile Examination Gloves (Box/100),PPE,83
1,South Branch,PPE-002,Surgical Face Masks (Box/50),PPE,51
1,South Branch,PPE-003,N95 Respirators (Box/20),PPE,36
1,South Branch,PPE-004,Isolation Gowns Disposable,PPE,113
1,South Branch,PPE-005,Face Shields Disposable,PPE,39
1,South Branch,INJ-001,Syringes 5ml with Needle,Injection & Infusion,66
1,South Branch,INJ-002,IV Catheters 18G,Injection & Infusion,35
1,South Branch,INJ-003,IV Tubing Sets,Injection & Infusion,80
1,South Branch,INJ-004,Infusion Sets with Filter,Injection & Infusion,62
1,South Branch,WND-001,Gauze Swabs Sterile 4x4 (Pack/10),Wound Care,65
1,South Branch,WND-002,Bandage Rolls 4 inch,Wound Care,62
1,South Branch,WND-003,Surgical Adhesive Tape 1 inch,Wound Care,34
1,South Branch,WND-004,Antiseptic Wipes (Pack/100),Wound Care,39
1,South Branch,GEN-001,Tongue Depressors (Pack/100),General Supplies,37
1,South Branch,GEN-002,Urine Collection Cups,General Supplies,94
1,South Branch,GEN-003,Sharps Containers 1 Gallon,General Supplies,26
1,South Branch,GEN-004,Hand Sanitizer 500ml,General Supplies,36
1,South Branch,GEN-005,Disposable Bed Sheets,General Supplies,50
1,South Branch,GEN-006,Pulse Oximeter Probes Disposable,General Supplies,34
1,South Branch,GEN-007,Oxygen Masks Adult,General Supplies,31
1,East Branch,PPE-001,Nitrile Examination Gloves (Box/100),PPE,54
1,East Branch,PPE-002,Surgical Face Masks (Box/50),PPE,47
1,East Branch,PPE-003,N95 Respirators (Box/20),PPE,26
1,East Branch,PPE-004,Isolation Gowns Disposable,PPE,111
1,East Branch,PPE-005,Face Shields Disposable,PPE,28
1,East Branch,INJ-001,Syringes 5ml with Needle,Injection & Infusion,51
1,East Branch,INJ-002,IV Catheters 18G,Injection & Infusion,29
1,East Branch,INJ-003,IV Tubing Sets,Injection & Infusion,64
1,East Branch,INJ-004,Infusion Sets with Filter,Injection & Infusion,48
1,East Branch,WND-001,Gauze Swabs Sterile 4x4 (Pack/10),Wound Care,55
1,East Branch,WND-002,Bandage Rolls 4 inch,Wound Care,57
1,East Branch,WND-003,Surgical Adhesive Tape 1 inch,Wound Care,35
1,East Branch,WND-004,Antiseptic Wipes (Pack/100),Wound Care,45
1,East Branch,GEN-001,Tongue Depressors (Pack/100),General Supplies,29
1,East Branch,GEN-002,Urine Collection Cups,General Supplies,66
1,East Branch,GEN-003,Sharps Containers 1 Gallon,General Supplies,22
1,East Branch,GEN-004,Hand Sanitizer 500ml,General Supplies,26
1,East Branch,GEN-005,Disposable Bed Sheets,General Supplies,42
1,East Branch,GEN-006,Pulse Oximeter Probes Disposable,General Supplies,20
1,East Branch,GEN-007,Oxygen Masks Adult,General Supplies,23
1,West Branch,PPE-001,Nitrile Examination Gloves (Box/100),PPE,107
1,West Branch,PPE-002,Surgical Face Masks (Box/50),PPE,76
1,West Branch,PPE-003,N95 Respirators (Box/20),PPE,63
1,West Branch,PPE-004,Isolation Gowns Disposable,PPE,158
1,West Branch,PPE-005,Face Shields Disposable,PPE,51
1,West Branch,INJ-001,Syringes 5ml with Needle,Injection & Infusion,85
1,West Branch,INJ-002,IV Catheters 18G,Injection & Infusion,47
1,West Branch,INJ-003,IV Tubing Sets,Injection & Infusion,125
1,West Branch,INJ-004,Infusion Sets with Filter,Injection & Infusion,69
1,West Branch,WND-001,Gauze Swabs Sterile 4x4 (Pack/10),Wound Care,133
1,West Branch,WND-002,Bandage Rolls 4 inch,Wound Care,93
1,West Branch,WND-003,Surgical Adhesive Tape 1 inch,Wound Care,49
1,West Branch,WND-004,Antiseptic Wipes (Pack/100),Wound Care,53
1,West Branch,GEN-001,Tongue Depressors (Pack/100),General Supplies,50
1,West Branch,GEN-002,Urine Collection Cups,General Supplies,121
1,West Branch,GEN-003,Sharps Containers 1 Gallon,General Supplies,36
1,West Branch,GEN-004,Hand Sanitizer 500ml,General Supplies,62
1,West Branch,GEN-005,Disposable Bed Sheets,General Supplies,69
1,West Branch,GEN-006,Pulse Oximeter Probes Disposable,General Supplies,42
1,West Branch,GEN-007,Oxygen Masks Adult,General Supplies,37
2,North Branch,PPE-001,Nitrile Examination Gloves (Box/100),PPE,109
2,North Branch,PPE-002,Surgical Face Masks (Box/50),PPE,75
2,North Branch,PPE-003,N95 Respirators (Box/20),PPE,44
2,North Branch,PPE-004,Isolation Gowns Disposable,PPE,118
2,North Branch,PPE-005,Face Shields Disposable,PPE,44
2,North Branch,INJ-001,Syringes 5ml with Needle,Injection & Infusion,66
2,North Branch,INJ-002,IV Catheters 18G,Injection & Infusion,52
2,North Branch,INJ-003,IV Tubing Sets,Injection & Infusion,101
2,North Branch,INJ-004,Infusion Sets with Filter,Injection & Infusion,83
2,North Branch,WND-001,Gauze Swabs Sterile 4x4 (Pack/10),Wound Care,94
2,North Branch,WND-002,Bandage Rolls 4 inch,Wound Care,61
2,North Branch,WND-003,Surgical Adhesive Tape 1 inch,Wound Care,52
2,North Branch,WND-004,Antiseptic Wipes (Pack/100),Wound Care,63
2,North Branch,GEN-001,Tongue Depressors (Pack/100),General Supplies,39
2,North Branch,GEN-002,Urine Collection Cups,General Supplies,106
2,North Branch,GEN-003,Sharps Containers 1 Gallon,General Supplies,28
2,North Branch,GEN-004,Hand Sanitizer 500ml,General Supplies,48
2,North Branch,GEN-005,Disposable Bed Sheets,General Supplies,69
2,North Branch,GEN-006,Pulse Oximeter Probes Disposable,General Supplies,31
2,North Branch,GEN-007,Oxygen Masks Adult,General Supplies,32
2,South Branch,PPE-001,Nitrile Examination Gloves (Box/100),PPE,65
2,South Branch,PPE-002,Surgical Face Masks (Box/50),PPE,63
2,South Branch,PPE-003,N95 Respirators (Box/20),PPE,37
2,South Branch,PPE-004,Isolation Gowns Disposable,PPE,120
2,South Branch,PPE-005,Face Shields Disposable,PPE,46
2,South Branch,INJ-001,Syringes 5ml with Needle,Injection & Infusion,53
2,South Branch,INJ-002,IV Catheters 18G,Injection & Infusion,38
2,South Branch,INJ-003,IV Tubing Sets,Injection & Infusion,88
2,South Branch,INJ-004,Infusion Sets with Filter,Injection & Infusion,53
2,South Branch,WND-001,Gauze Swabs Sterile 4x4 (Pack/10),Wound Care,66
2,South Branch,WND-002,Bandage Rolls 4 inch,Wound Care,54
2,South Branch,WND-003,Surgical Adhesive Tape 1 inch,Wound Care,34
2,South Branch,WND-004,Antiseptic Wipes (Pack/100),Wound Care,56
2,South Branch,GEN-001,Tongue Depressors (Pack/100),General Supplies,35
2,South Branch,GEN-002,Urine Collection Cups,General Supplies,84
2,South Branch,GEN-003,Sharps Containers 1 Gallon,General Supplies,27
2,South Branch,GEN-004,Hand Sanitizer 500ml,General Supplies,44
2,South Branch,GEN-005,Disposable Bed Sheets,General Supplies,52
2,South Branch,GEN-006,Pulse Oximeter Probes Disposable,General Supplies,37
2,South Branch,GEN-007,Oxygen Masks Adult,General Supplies,32
2,East Branch,PPE-001,Nitrile Examination Gloves (Box/100),PPE,71
2,East Branch,PPE-002,Surgical Face Masks (Box/50),PPE,55
2,East Branch,PPE-003,N95 Respirators (Box/20),PPE,29
2,East Branch,PPE-004,Isolation Gowns Disposable,PPE,81
2,East Branch,PPE-005,Face Shields Disposable,PPE,28
2,East Branch,INJ-001,Syringes 5ml with Needle,Injection & Infusion,46
2,East Branch,INJ-002,IV Catheters 18G,Injection & Infusion,36
2,East Branch,INJ-003,IV Tubing Sets,Injection & Infusion,73
2,East Branch,INJ-004,Infusion Sets with Filter,Injection & Infusion,38
2,East Branch,WND-001,Gauze Swabs Sterile 4x4 (Pack/10),Wound Care,64
2,East Branch,WND-002,Bandage Rolls 4 inch,Wound Care,46
2,East Branch,WND-003,Surgical Adhesive Tape 1 inch,Wound Care,28
2,East Branch,WND-004,Antiseptic Wipes (Pack/100),Wound Care,32
2,East Branch,GEN-001,Tongue Depressors (Pack/100),General Supplies,23
2,East Branch,GEN-002,Urine Collection Cups,General Supplies,75
2,East Branch,GEN-003,Sharps Containers 1 Gallon,General Supplies,17
2,East Branch,GEN-004,Hand Sanitizer 500ml,General Supplies,32
2,East Branch,GEN-005,Disposable Bed Sheets,General Supplies,51
2,East Branch,GEN-006,Pulse Oximeter Probes Disposable,General Supplies,24
2,East Branch,GEN-007,Oxygen Masks Adult,General Supplies,30
2,West Branch,PPE-001,Nitrile Examination Gloves (Box/100),PPE,132
2,West Branch,PPE-002,Surgical Face Masks (Box/50),PPE,75
2,West Branch,PPE-003,N95 Respirators (Box/20),PPE,55
2,West Branch,PPE-004,Isolation Gowns Disposable,PPE,154
2,West Branch,PPE-005,Face Shields Disposable,PPE,51
2,West Branch,INJ-001,Syringes 5ml with Needle,Injection & Infusion,68
2,West Branch,INJ-002,IV Catheters 18G,Injection & Infusion,58
2,West Branch,INJ-003,IV Tubing Sets,Injection & Infusion,112
2,West Branch,INJ-004,Infusion Sets with Filter,Injection & Infusion,68
2,West Branch,WND-001,Gauze Swabs Sterile 4x4 (Pack/10),Wound Care,102
2,West Branch,WND-002,Bandage Rolls 4 inch,Wound Care,97
2,West Branch,WND-003,Surgical Adhesive Tape 1 inch,Wound Care,50
2,West Branch,WND-004,Antiseptic Wipes (Pack/100),Wound Care,57
2,West Branch,GEN-001,Tongue Depressors (Pack/100),General Supplies,44
2,West Branch,GEN-002,Urine Collection Cups,General Supplies,133
2,West Branch,GEN-003,Sharps Containers 1 Gallon,General Supplies,30
2,West Branch,GEN-004,Hand Sanitizer 500ml,General Supplies,59
2,West Branch,GEN-005,Disposable Bed Sheets,General Supplies,92
2,West Branch,GEN-006,Pulse Oximeter Probes Disposable,General Supplies,40
2,West Branch,GEN-007,Oxygen Masks Adult,General Supplies,48
3,North Branch,PPE-001,Nitrile Examination Gloves (Box/100),PPE,90
3,North Branch,PPE-002,Surgical Face Masks (Box/50),PPE,75
3,North Branch,PPE-003,N95 Respirators (Box/20),PPE,50
3,North Branch,PPE-004,Isolation Gowns Disposable,PPE,146
3,North Branch,PPE-005,Face Shields Disposable,PPE,40
3,North Branch,INJ-001,Syringes 5ml with Needle,Injection & Infusion,81
3,North Branch,INJ-002,IV Catheters 18G,Injection & Infusion,44
3,North Branch,INJ-003,IV Tubing Sets,Injection & Infusion,83
3,North Branch,INJ-004,Infusion Sets with Filter,Injection & Infusion,58
3,North Branch,WND-001,Gauze Swabs Sterile 4x4 (Pack/10),Wound Care,99
3,North Branch,WND-002,Bandage Rolls 4 inch,Wound Care,77
3,North Branch,WND-003,Surgical Adhesive Tape 1 inch,Wound Care,38
3,North Branch,WND-004,Antiseptic Wipes (Pack/100),Wound Care,57
3,North Branch,GEN-001,Tongue Depressors (Pack/100),General Supplies,34
3,North Branch,GEN-002,Urine Collection Cups,General Supplies,101
3,North Branch,GEN-003,Sharps Containers 1 Gallon,General Supplies,25
3,North Branch,GEN-004,Hand Sanitizer 500ml,General Supplies,51
3,North Branch,GEN-005,Disposable Bed Sheets,General Supplies,68
3,North Branch,GEN-006,Pulse Oximeter Probes Disposable,General Supplies,45
3,North Branch,GEN-007,Oxygen Masks Adult,General Supplies,32
3,South Branch,PPE-001,Nitrile Examination Gloves (Box/100),PPE,74
3,South Branch,PPE-002,Surgical Face Masks (Box/50),PPE,50
3,South Branch,PPE-003,N95 Respirators (Box/20),PPE,46
3,South Branch,PPE-004,Isolation Gowns Disposable,PPE,138
3,South Branch,PPE-005,Face Shields Disposable,PPE,36
3,South Branch,INJ-001,Syringes 5ml with Needle,Injection & Infusion,63
3,South Branch,INJ-002,IV Catheters 18G,Injection & Infusion,45
3,South Branch,INJ-003,IV Tubing Sets,Injection & Infusion,81
3,South Branch,INJ-004,Infusion Sets with Filter,Injection & Infusion,60
3,South Branch,WND-001,Gauze Swabs Sterile 4x4 (Pack/10),Wound Care,71
3,South Branch,WND-002,Bandage Rolls 4 inch,Wound Care,50
3,South Branch,WND-003,Surgical Adhesive Tape 1 inch,Wound Care,46
3,South Branch,WND-004,Antiseptic Wipes (Pack/100),Wound Care,55
3,South Branch,GEN-001,Tongue Depressors (Pack/100),General Supplies,33
3,South Branch,GEN-002,Urine Collection Cups,General Supplies,74
3,South Branch,GEN-003,Sharps Containers 1 Gallon,General Supplies,22
3,South Branch,GEN-004,Hand Sanitizer 500ml,General Supplies,43
3,South Branch,GEN-005,Disposable Bed Sheets,General Supplies,69
3,South Branch,GEN-006,Pulse Oximeter Probes Disposable,General Supplies,36
3,South Branch,GEN-007,Oxygen Masks Adult,General Supplies,35
3,East Branch,PPE-001,Nitrile Examination Gloves (Box/100),PPE,67
3,East Branch,PPE-002,Surgical Face Masks (Box/50),PPE,40
3,East Branch,PPE-003,N95 Respirators (Box/20),PPE,27
3,East Branch,PPE-004,Isolation Gowns Disposable,PPE,111
3,East Branch,PPE-005,Face Shields Disposable,PPE,33
3,East Branch,INJ-001,Syringes 5ml with Needle,Injection & Infusion,38
3,East Branch,INJ-002,IV Catheters 18G,Injection & Infusion,26
3,East Branch,INJ-003,IV Tubing Sets,Injection & Infusion,68
3,East Branch,INJ-004,Infusion Sets with Filter,Injection & Infusion,38
3,East Branch,WND-001,Gauze Swabs Sterile 4x4 (Pack/10),Wound Care,55
3,East Branch,WND-002,Bandage Rolls 4 inch,Wound Care,48
3,East Branch,WND-003,Surgical Adhesive Tape 1 inch,Wound Care,34
3,East Branch,WND-004,Antiseptic Wipes (Pack/100),Wound Care,40
3,East Branch,GEN-001,Tongue Depressors (Pack/100),General Supplies,22
3,East Branch,GEN-002,Urine Collection Cups,General Supplies,69
3,East Branch,GEN-003,Sharps Containers 1 Gallon,General Supplies,17
3,East Branch,GEN-004,Hand Sanitizer 500ml,General Supplies,29
3,East Branch,GEN-005,Disposable Bed Sheets,General Supplies,52
3,East Branch,GEN-006,Pulse Oximeter Probes Disposable,General Supplies,27
3,East Branch,GEN-007,Oxygen Masks Adult,General Supplies,29
3,West Branch,PPE-001,Nitrile Examination Gloves (Box/100),PPE,119
3,West Branch,PPE-002,Surgical Face Masks (Box/50),PPE,86
3,West Branch,PPE-003,N95 Respirators (Box/20),PPE,46
3,West Branch,PPE-004,Isolation Gowns Disposable,PPE,159
3,West Branch,PPE-005,Face Shields Disposable,PPE,50
3,West Branch,INJ-001,Syringes 5ml with Needle,Injection & Infusion,75
3,West Branch,INJ-002,IV Catheters 18G,Injection & Infusion,66
3,West Branch,INJ-003,IV Tubing Sets,Injection & Infusion,107
3,West Branch,INJ-004,Infusion Sets with Filter,Injection & Infusion,97
3,West Branch,WND-001,Gauze Swabs Sterile 4x4 (Pack/10),Wound Care,117
3,West Branch,WND-002,Bandage Rolls 4 inch,Wound Care,93
3,West Branch,WND-003,Surgical Adhesive Tape 1 inch,Wound Care,56
3,West Branch,WND-004,Antiseptic Wipes (Pack/100),Wound Care,69
3,West Branch,GEN-001,Tongue Depressors (Pack/100),General Supplies,44
3,West Branch,GEN-002,Urine Collection Cups,General Supplies,98
3,West Branch,GEN-003,Sharps Containers 1 Gallon,General Supplies,36
3,West Branch,GEN-004,Hand Sanitizer 500ml,General Supplies,51
3,West Branch,GEN-005,Disposable Bed Sheets,General Supplies,68
3,West Branch,GEN-006,Pulse Oximeter Probes Disposable,General Supplies,47
3,West Branch,GEN-007,Oxygen Masks Adult,General Supplies,39
4,North Branch,PPE-001,Nitrile Examination Gloves (Box/100),PPE,112
4,North Branch,PPE-002,Surgical Face Masks (Box/50),PPE,85
4,North Branch,PPE-003,N95 Respirators (Box/20),PPE,55
4,North Branch,PPE-004,Isolation Gowns Disposable,PPE,136
4,North Branch,PPE-005,Face Shields Disposable,PPE,38
4,North Branch,INJ-001,Syringes 5ml with Needle,Injection & Infusion,84
4,North Branch,INJ-002,IV Catheters 18G,Injection & Infusion,46
4,North Branch,INJ-003,IV Tubing Sets,Injection & Infusion,113
4,North Branch,INJ-004,Infusion Sets with Filter,Injection & Infusion,85
4,North Branch,WND-001,Gauze Swabs Sterile 4x4 (Pack/10),Wound Care,109
4,North Branch,WND-002,Bandage Rolls 4 inch,Wound Care,66
4,North Branch,WND-003,Surgical Adhesive Tape 1 inch,Wound Care,45
4,North Branch,WND-004,Antiseptic Wipes (Pack/100),Wound Care,65
4,North Branch,GEN-001,Tongue Depressors (Pack/100),General Supplies,35
4,North Branch,GEN-002,Urine Collection Cups,General Supplies,83
4,North Branch,GEN-003,Sharps Containers 1 Gallon,General Supplies,29
4,North Branch,GEN-004,Hand Sanitizer 500ml,General Supplies,56
4,North Branch,GEN-005,Disposable Bed Sheets,General Supplies,77
4,North Branch,GEN-006,Pulse Oximeter Probes Disposable,General Supplies,39
4,North Branch,GEN-007,Oxygen Masks Adult,General Supplies,32
4,South Branch,PPE-001,Nitrile Examination Gloves (Box/100),PPE,83
4,South Branch,PPE-002,Surgical Face Masks (Box/50),PPE,71
4,South Branch,PPE-003,N95 Respirators (Box/20),PPE,34
4,South Branch,PPE-004,Isolation Gowns Disposable,PPE,120
4,South Branch,PPE-005,Face Shields Disposable,PPE,46
4,South Branch,INJ-001,Syringes 5ml with Needle,Injection & Infusion,65
4,South Branch,INJ-002,IV Catheters 18G,Injection & Infusion,43
4,South Branch,INJ-003,IV Tubing Sets,Injection & Infusion,86
4,South Branch,INJ-004,Infusion Sets with Filter,Injection & Infusion,56
4,South Branch,WND-001,Gauze Swabs Sterile 4x4 (Pack/10),Wound Care,73
4,South Branch,WND-002,Bandage Rolls 4 inch,Wound Care,67
4,South Branch,WND-003,Surgical Adhesive Tape 1 inch,Wound Care,44
4,South Branch,WND-004,Antiseptic Wipes (Pack/100),Wound Care,55
4,South Branch,GEN-001,Tongue Depressors (Pack/100),General Supplies,37
4,South Branch,GEN-002,Urine Collection Cups,General Supplies,80
4,South Branch,GEN-003,Sharps Containers 1 Gallon,General Supplies,24
4,South Branch,GEN-004,Hand Sanitizer 500ml,General Supplies,44
4,South Branch,GEN-005,Disposable Bed Sheets,General Supplies,63
4,South Branch,GEN-006,Pulse Oximeter Probes Disposable,General Supplies,34
4,South Branch,GEN-007,Oxygen Masks Adult,General Supplies,35
4,East Branch,PPE-001,Nitrile Examination Gloves (Box/100),PPE,73
4,East Branch,PPE-002,Surgical Face Masks (Box/50),PPE,44
4,East Branch,PPE-003,N95 Respirators (Box/20),PPE,30
4,East Branch,PPE-004,Isolation Gowns Disposable,PPE,80
4,East Branch,PPE-005,Face Shields Disposable,PPE,33
4,East Branch,INJ-001,Syringes 5ml with Needle,Injection & Infusion,39
4,East Branch,INJ-002,IV Catheters 18G,Injection & Infusion,31
4,East Branch,INJ-003,IV Tubing Sets,Injection & Infusion,65
4,East Branch,INJ-004,Infusion Sets with Filter,Injection & Infusion,43
4,East Branch,WND-001,Gauze Swabs Sterile 4x4 (Pack/10),Wound Care,66
4,East Branch,WND-002,Bandage Rolls 4 inch,Wound Care,38
4,East Branch,WND-003,Surgical Adhesive Tape 1 inch,Wound Care,26
4,East Branch,WND-004,Antiseptic Wipes (Pack/100),Wound Care,43
4,East Branch,GEN-001,Tongue Depressors (Pack/100),General Supplies,24
4,East Branch,GEN-002,Urine Collection Cups,General Supplies,54
4,East Branch,GEN-003,Sharps Containers 1 Gallon,General Supplies,19
4,East Branch,GEN-004,Hand Sanitizer 500ml,General Supplies,35
4,East Branch,GEN-005,Disposable Bed Sheets,General Supplies,42
4,East Branch,GEN-006,Pulse Oximeter Probes Disposable,General Supplies,26
4,East Branch,GEN-007,Oxygen Masks Adult,General Supplies,21
4,West Branch,PPE-001,Nitrile Examination Gloves (Box/100),PPE,91
4,West Branch,PPE-002,Surgical Face Masks (Box/50),PPE,85
4,West Branch,PPE-003,N95 Respirators (Box/20),PPE,56
4,West Branch,PPE-004,Isolation Gowns Disposable,PPE,177
4,West Branch,PPE-005,Face Shields Disposable,PPE,61
4,West Branch,INJ-001,Syringes 5ml with Needle,Injection & Infusion,99
4,West Branch,INJ-002,IV Catheters 18G,Injection & Infusion,56
4,West Branch,INJ-003,IV Tubing Sets,Injection & Infusion,104
4,West Branch,INJ-004,Infusion Sets with Filter,Injection & Infusion,93
4,West Branch,WND-001,Gauze Swabs Sterile 4x4 (Pack/10),Wound Care,101
4,West Branch,WND-002,Bandage Rolls 4 inch,Wound Care,81
4,West Branch,WND-003,Surgical Adhesive Tape 1 inch,Wound Care,46
4,West Branch,WND-004,Antiseptic Wipes (Pack/100),Wound Care,54
4,West Branch,GEN-001,Tongue Depressors (Pack/100),General Supplies,53
4,West Branch,GEN-002,Urine Collection Cups,General Supplies,127
4,West Branch,GEN-003,Sharps Containers 1 Gallon,General Supplies,36
4,West Branch,GEN-004,Hand Sanitizer 500ml,General Supplies,53
4,West Branch,GEN-005,Disposable Bed Sheets,General Supplies,73
4,West Branch,GEN-006,Pulse Oximeter Probes Disposable,General Supplies,38
4,West Branch,GEN-007,Oxygen Masks Adult,General Supplies,40
5,North Branch,PPE-001,Nitrile Examination Gloves (Box/100),PPE,97
5,North Branch,PPE-002,Surgical Face Masks (Box/50),PPE,78
5,North Branch,PPE-003,N95 Respirators (Box/20),PPE,51
5,North Branch,PPE-004,Isolation Gowns Disposable,PPE,131
5,North Branch,PPE-005,Face Shields Disposable,PPE,56
5,North Branch,INJ-001,Syringes 5ml with Needle,Injection & Infusion,78
5,North Branch,INJ-002,IV Catheters 18G,Injection & Infusion,49
5,North Branch,INJ-003,IV Tubing Sets,Injection & Infusion,100
5,North Branch,INJ-004,Infusion Sets with Filter,Injection & Infusion,69
5,North Branch,WND-001,Gauze Swabs Sterile 4x4 (Pack/10),Wound Care,86
5,North Branch,WND-002,Bandage Rolls 4 inch,Wound Care,67
5,North Branch,WND-003,Surgical Adhesive Tape 1 inch,Wound Care,52
5,North Branch,WND-004,Antiseptic Wipes (Pack/100),Wound Care,46
5,North Branch,GEN-001,Tongue Depressors (Pack/100),General Supplies,32
5,North Branch,GEN-002,Urine Collection Cups,General Supplies,78
5,North Branch,GEN-003,Sharps Containers 1 Gallon,General Supplies,23
5,North Branch,GEN-004,Hand Sanitizer 500ml,General Supplies,54
5,North Branch,GEN-005,Disposable Bed Sheets,General Supplies,77
5,North Branch,GEN-006,Pulse Oximeter Probes Disposable,General Supplies,38
5,North Branch,GEN-007,Oxygen Masks Adult,General Supplies,32
5,South Branch,PPE-001,Nitrile Examination Gloves (Box/100),PPE,79
5,South Branch,PPE-002,Surgical Face Masks (Box/50),PPE,59
5,South Branch,PPE-003,N95 Respirators (Box/20),PPE,34
5,South Branch,PPE-004,Isolation Gowns Disposable,PPE,116
5,South Branch,PPE-005,Face Shields Disposable,PPE,38
5,South Branch,INJ-001,Syringes 5ml with Needle,Injection & Infusion,62
5,South Branch,INJ-002,IV Catheters 18G,Injection & Infusion,42
5,South Branch,INJ-003,IV Tubing Sets,Injection & Infusion,65
5,South Branch,INJ-004,Infusion Sets with Filter,Injection & Infusion,56
5,South Branch,WND-001,Gauze Swabs Sterile 4x4 (Pack/10),Wound Care,84
5,South Branch,WND-002,Bandage Rolls 4 inch,Wound Care,60
5,South Branch,WND-003,Surgical Adhesive Tape 1 inch,Wound Care,45
5,South Branch,WND-004,Antiseptic Wipes (Pack/100),Wound Care,51
5,South Branch,GEN-001,Tongue Depressors (Pack/100),General Supplies,27
5,South Branch,GEN-002,Urine Collection Cups,General Supplies,66
5,South Branch,GEN-003,Sharps Containers 1 Gallon,General Supplies,25
5,South Branch,GEN-004,Hand Sanitizer 500ml,General Supplies,32
5,South Branch,GEN-005,Disposable Bed Sheets,General Supplies,62
5,South Branch,GEN-006,Pulse Oximeter Probes Disposable,General Supplies,37
5,South Branch,GEN-007,Oxygen Masks Adult,General Supplies,32
5,East Branch,PPE-001,Nitrile Examination Gloves (Box/100),PPE,61
5,East Branch,PPE-002,Surgical Face Masks (Box/50),PPE,50
5,East Branch,PPE-003,N95 Respirators (Box/20),PPE,31
5,East Branch,PPE-004,Isolation Gowns Disposable,PPE,97
5,East Branch,PPE-005,Face Shields Disposable,PPE,37
5,East Branch,INJ-001,Syringes 5ml with Needle,Injection & Infusion,45
5,East Branch,INJ-002,IV Catheters 18G,Injection & Infusion,37
5,East Branch,INJ-003,IV Tubing Sets,Injection & Infusion,74
5,East Branch,INJ-004,Infusion Sets with Filter,Injection & Infusion,42
5,East Branch,WND-001,Gauze Swabs Sterile 4x4 (Pack/10),Wound Care,52
5,East Branch,WND-002,Bandage Rolls 4 inch,Wound Care,40
5,East Branch,WND-003,Surgical Adhesive Tape 1 inch,Wound Care,25
5,East Branch,WND-004,Antiseptic Wipes (Pack/100),Wound Care,32
5,East Branch,GEN-001,Tongue Depressors (Pack/100),General Supplies,27
5,East Branch,GEN-002,Urine Collection Cups,General Supplies,53
5,East Branch,GEN-003,Sharps Containers 1 Gallon,General Supplies,17
5,East Branch,GEN-004,Hand Sanitizer 500ml,General Supplies,36
5,East Branch,GEN-005,Disposable Bed Sheets,General Supplies,38
5,East Branch,GEN-006,Pulse Oximeter Probes Disposable,General Supplies,28
5,East Branch,GEN-007,Oxygen Masks Adult,General Supplies,23
5,West Branch,PPE-001,Nitrile Examination Gloves (Box/100),PPE,94
5,West Branch,PPE-002,Surgical Face Masks (Box/50),PPE,90
5,West Branch,PPE-003,N95 Respirators (Box/20),PPE,58
5,West Branch,PPE-004,Isolation Gowns Disposable,PPE,193
5,West Branch,PPE-005,Face Shields Disposable,PPE,61
5,West Branch,INJ-001,Syringes 5ml with Needle,Injection & Infusion,94
5,West Branch,INJ-002,IV Catheters 18G,Injection & Infusion,51
5,West Branch,INJ-003,IV Tubing Sets,Injection & Infusion,97
5,West Branch,INJ-004,Infusion Sets with Filter,Injection & Infusion,92
5,West Branch,WND-001,Gauze Swabs Sterile 4x4 (Pack/10),Wound Care,125
5,West Branch,WND-002,Bandage Rolls 4 inch,Wound Care,100
5,West Branch,WND-003,Surgical Adhesive Tape 1 inch,Wound Care,54
5,West Branch,WND-004,Antiseptic Wipes (Pack/100),Wound Care,63
5,West Branch,GEN-001,Tongue Depressors (Pack/100),General Supplies,49
5,West Branch,GEN-002,Urine Collection Cups,General Supplies,104
5,West Branch,GEN-003,Sharps Containers 1 Gallon,General Supplies,39
5,West Branch,GEN-004,Hand Sanitizer 500ml,General Supplies,64
5,West Branch,GEN-005,Disposable Bed Sheets,General Supplies,81
5,West Branch,GEN-006,Pulse Oximeter Probes Disposable,General Supplies,49
5,West Branch,GEN-007,Oxygen Masks Adult,General Supplies,49
6,North Branch,PPE-001,Nitrile Examination Gloves (Box/100),PPE,104
6,North Branch,PPE-002,Surgical Face Masks (Box/50),PPE,108
6,North Branch,PPE-003,N95 Respirators (Box/20),PPE,62
6,North Branch,PPE-004,Isolation Gowns Disposable,PPE,211
6,North Branch,PPE-005,Face Shields Disposable,PPE,57
6,North Branch,INJ-001,Syringes 5ml with Needle,Injection & Infusion,83
6,North Branch,INJ-002,IV Catheters 18G,Injection & Infusion,45
6,North Branch,INJ-003,IV Tubing Sets,Injection & Infusion,77
6,North Branch,INJ-004,Infusion Sets with Filter,Injection & Infusion,83
6,North Branch,WND-001,Gauze Swabs Sterile 4x4 (Pack/10),Wound Care,80
6,North Branch,WND-002,Bandage Rolls 4 inch,Wound Care,66
6,North Branch,WND-003,Surgical Adhesive Tape 1 inch,Wound Care,56
6,North Branch,WND-004,Antiseptic Wipes (Pack/100),Wound Care,67
6,North Branch,GEN-001,Tongue Depressors (Pack/100),General Supplies,39
6,North Branch,GEN-002,Urine Collection Cups,General Supplies,101
6,North Branch,GEN-003,Sharps Containers 1 Gallon,General Supplies,28
6,North Branch,GEN-004,Hand Sanitizer 500ml,General Supplies,44
6,North Branch,GEN-005,Disposable Bed Sheets,General Supplies,67
6,North Branch,GEN-006,Pulse Oximeter Probes Disposable,General Supplies,41
6,North Branch,GEN-007,Oxygen Masks Adult,General Supplies,42
6,South Branch,PPE-001,Nitrile Examination Gloves (Box/100),PPE,116
6,South Branch,PPE-002,Surgical Face Masks (Box/50),PPE,87
6,South Branch,PPE-003,N95 Respirators (Box/20),PPE,43
6,South Branch,PPE-004,Isolation Gowns Disposable,PPE,155
6,South Branch,PPE-005,Face Shields Disposable,PPE,42
6,South Branch,INJ-001,Syringes 5ml with Needle,Injection & Infusion,61
6,South Branch,INJ-002,IV Catheters 18G,Injection & Infusion,39
6,South Branch,INJ-003,IV Tubing Sets,Injection & Infusion,92
6,South Branch,INJ-004,Infusion Sets with Filter,Injection & Infusion,56
6,South Branch,WND-001,Gauze Swabs Sterile 4x4 (Pack/10),Wound Care,67
6,South Branch,WND-002,Bandage Rolls 4 inch,Wound Care,51
6,South Branch,WND-003,Surgical Adhesive Tape 1 inch,Wound Care,44
6,South Branch,WND-004,Antiseptic Wipes (Pack/100),Wound Care,50
6,South Branch,GEN-001,Tongue Depressors (Pack/100),General Supplies,26
6,South Branch,GEN-002,Urine Collection Cups,General Supplies,66
6,South Branch,GEN-003,Sharps Containers 1 Gallon,General Supplies,25
6,South Branch,GEN-004,Hand Sanitizer 500ml,General Supplies,33
6,South Branch,GEN-005,Disposable Bed Sheets,General Supplies,67
6,South Branch,GEN-006,Pulse Oximeter Probes Disposable,General Supplies,34
6,South Branch,GEN-007,Oxygen Masks Adult,General Supplies,26
6,East Branch,PPE-001,Nitrile Examination Gloves (Box/100),PPE,69
6,East Branch,PPE-002,Surgical Face Masks (Box/50),PPE,74
6,East Branch,PPE-003,N95 Respirators (Box/20),PPE,39
6,East Branch,PPE-004,Isolation Gowns Disposable,PPE,118
6,East Branch,PPE-005,Face Shields Disposable,PPE,46
6,East Branch,INJ-001,Syringes 5ml with Needle,Injection & Infusion,56
6,East Branch,INJ-002,IV Catheters 18G,Injection & Infusion,38
6,East Branch,INJ-003,IV Tubing Sets,Injection & Infusion,70
6,East Branch,INJ-004,Infusion Sets with Filter,Injection & Infusion,45
6,East Branch,WND-001,Gauze Swabs Sterile 4x4 (Pack/10),Wound Care,53
6,East Branch,WND-002,Bandage Rolls 4 inch,Wound Care,53
6,East Branch,WND-003,Surgical Adhesive Tape 1 inch,Wound Care,32
6,East Branch,WND-004,Antiseptic Wipes (Pack/100),Wound Care,37
6,East Branch,GEN-001,Tongue Depressors (Pack/100),General Supplies,29
6,East Branch,GEN-002,Urine Collection Cups,General Supplies,54
6,East Branch,GEN-003,Sharps Containers 1 Gallon,General Supplies,19
6,East Branch,GEN-004,Hand Sanitizer 500ml,General Supplies,25
6,East Branch,GEN-005,Disposable Bed Sheets,General Supplies,47
6,East Branch,GEN-006,Pulse Oximeter Probes Disposable,General Supplies,21
6,East Branch,GEN-007,Oxygen Masks Adult,General Supplies,21
6,West Branch,PPE-001,Nitrile Examination Gloves (Box/100),PPE,123
6,West Branch,PPE-002,Surgical Face Masks (Box/50),PPE,115
6,West Branch,PPE-003,N95 Respirators (Box/20),PPE,79
6,West Branch,PPE-004,Isolation Gowns Disposable,PPE,225
6,West Branch,PPE-005,Face Shields Disposable,PPE,86
6,West Branch,INJ-001,Syringes 5ml with Needle,Injection & Infusion,79
6,West Branch,INJ-002,IV Catheters 18G,Injection & Infusion,51
6,West Branch,INJ-003,IV Tubing Sets,Injection & Infusion,128
6,West Branch,INJ-004,Infusion Sets with Filter,Injection & Infusion,74
6,West Branch,WND-001,Gauze Swabs Sterile 4x4 (Pack/10),Wound Care,132
6,West Branch,WND-002,Bandage Rolls 4 inch,Wound Care,67
6,West Branch,WND-003,Surgical Adhesive Tape 1 inch,Wound Care,66
6,West Branch,WND-004,Antiseptic Wipes (Pack/100),Wound Care,54
6,West Branch,GEN-001,Tongue Depressors (Pack/100),General Supplies,51
6,West Branch,GEN-002,Urine Collection Cups,General Supplies,113
6,West Branch,GEN-003,Sharps Containers 1 Gallon,General Supplies,40
6,West Branch,GEN-004,Hand Sanitizer 500ml,General Supplies,46
6,West Branch,GEN-005,Disposable Bed Sheets,General Supplies,85
6,West Branch,GEN-006,Pulse Oximeter Probes Disposable,General Supplies,53
6,West Branch,GEN-007,Oxygen Masks Adult,General Supplies,45
7,North Branch,PPE-001,Nitrile Examination Gloves (Box/100),PPE,131
7,North Branch,PPE-002,Surgical Face Masks (Box/50),PPE,100
7,North Branch,PPE-003,N95 Respirators (Box/20),PPE,61
7,North Branch,PPE-004,Isolation Gowns Disposable,PPE,196
7,North Branch,PPE-005,Face Shields Disposable,PPE,64
7,North Branch,INJ-001,Syringes 5ml with Needle,Injection & Infusion,83
7,North Branch,INJ-002,IV Catheters 18G,Injection & Infusion,39
7,North Branch,INJ-003,IV Tubing Sets,Injection & Infusion,87
7,North Branch,INJ-004,Infusion Sets with Filter,Injection & Infusion,84
7,North Branch,WND-001,Gauze Swabs Sterile 4x4 (Pack/10),Wound Care,110
7,North Branch,WND-002,Bandage Rolls 4 inch,Wound Care,70
7,North Branch,WND-003,Surgical Adhesive Tape 1 inch,Wound Care,50
7,North Branch,WND-004,Antiseptic Wipes (Pack/100),Wound Care,52
7,North Branch,GEN-001,Tongue Depressors (Pack/100),General Supplies,33
7,North Branch,GEN-002,Urine Collection Cups,General Supplies,94
7,North Branch,GEN-003,Sharps Containers 1 Gallon,General Supplies,27
7,North Branch,GEN-004,Hand Sanitizer 500ml,General Supplies,49
7,North Branch,GEN-005,Disposable Bed Sheets,General Supplies,59
7,North Branch,GEN-006,Pulse Oximeter Probes Disposable,General Supplies,45
7,North Branch,GEN-007,Oxygen Masks Adult,General Supplies,45
7,South Branch,PPE-001,Nitrile Examination Gloves (Box/100),PPE,112
7,South Branch,PPE-002,Surgical Face Masks (Box/50),PPE,79
7,South Branch,PPE-003,N95 Respirators (Box/20),PPE,48
7,South Branch,PPE-004,Isolation Gowns Disposable,PPE,175
7,South Branch,PPE-005,Face Shields Disposable,PPE,55
7,South Branch,INJ-001,Syringes 5ml with Needle,Injection & Infusion,51
7,South Branch,INJ-002,IV Catheters 18G,Injection & Infusion,46
7,South Branch,INJ-003,IV Tubing Sets,Injection & Infusion,90
7,South Branch,INJ-004,Infusion Sets with Filter,Injection & Infusion,70
7,South Branch,WND-001,Gauze Swabs Sterile 4x4 (Pack/10),Wound Care,87
7,South Branch,WND-002,Bandage Rolls 4 inch,Wound Care,62
7,South Branch,WND-003,Surgical Adhesive Tape 1 inch,Wound Care,38
7,South Branch,WND-004,Antiseptic Wipes (Pack/100),Wound Care,56
7,South Branch,GEN-001,Tongue Depressors (Pack/100),General Supplies,36
7,South Branch,GEN-002,Urine Collection Cups,General Supplies,65
7,South Branch,GEN-003,Sharps Containers 1 Gallon,General Supplies,19
7,South Branch,GEN-004,Hand Sanitizer 500ml,General Supplies,38
7,South Branch,GEN-005,Disposable Bed Sheets,General Supplies,67
7,South Branch,GEN-006,Pulse Oximeter Probes Disposable,General Supplies,38
7,South Branch,GEN-007,Oxygen Masks Adult,General Supplies,27
7,East Branch,PPE-001,Nitrile Examination Gloves (Box/100),PPE,86
7,East Branch,PPE-002,Surgical Face Masks (Box/50),PPE,59
7,East Branch,PPE-003,N95 Respirators (Box/20),PPE,49
7,East Branch,PPE-004,Isolation Gowns Disposable,PPE,141
7,East Branch,PPE-005,Face Shields Disposable,PPE,47
7,East Branch,INJ-001,Syringes 5ml with Needle,Injection & Infusion,47
7,East Branch,INJ-002,IV Catheters 18G,Injection & Infusion,30
7,East Branch,INJ-003,IV Tubing Sets,Injection & Infusion,58
7,East Branch,INJ-004,Infusion Sets with Filter,Injection & Infusion,39
7,East Branch,WND-001,Gauze Swabs Sterile 4x4 (Pack/10),Wound Care,73
7,East Branch,WND-002,Bandage Rolls 4 inch,Wound Care,54
7,East Branch,WND-003,Surgical Adhesive Tape 1 inch,Wound Care,38
7,East Branch,WND-004,Antiseptic Wipes (Pack/100),Wound Care,46
7,East Branch,GEN-001,Tongue Depressors (Pack/100),General Supplies,26
7,East Branch,GEN-002,Urine Collection Cups,General Supplies,70
7,East Branch,GEN-003,Sharps Containers 1 Gallon,General Supplies,22
7,East Branch,GEN-004,Hand Sanitizer 500ml,General Supplies,36
7,East Branch,GEN-005,Disposable Bed Sheets,General Supplies,43
7,East Branch,GEN-006,Pulse Oximeter Probes Disposable,General Supplies,25
7,East Branch,GEN-007,Oxygen Masks Adult,General Supplies,21
7,West Branch,PPE-001,Nitrile Examination Gloves (Box/100),PPE,172
7,West Branch,PPE-002,Surgical Face Masks (Box/50),PPE,113
7,West Branch,PPE-003,N95 Respirators (Box/20),PPE,64
7,West Branch,PPE-004,Isolation Gowns Disposable,PPE,233
7,West Branch,PPE-005,Face Shields Disposable,PPE,76
7,West Branch,INJ-001,Syringes 5ml with Needle,Injection & Infusion,79
7,West Branch,INJ-002,IV Catheters 18G,Injection & Infusion,47
7,West Branch,INJ-003,IV Tubing Sets,Injection & Infusion,119
7,West Branch,INJ-004,Infusion Sets with Filter,Injection & Infusion,84
7,West Branch,WND-001,Gauze Swabs Sterile 4x4 (Pack/10),Wound Care,124
7,West Branch,WND-002,Bandage Rolls 4 inch,Wound Care,84
7,West Branch,WND-003,Surgical Adhesive Tape 1 inch,Wound Care,63
7,West Branch,WND-004,Antiseptic Wipes (Pack/100),Wound Care,68
7,West Branch,GEN-001,Tongue Depressors (Pack/100),General Supplies,45
7,West Branch,GEN-002,Urine Collection Cups,General Supplies,128
7,West Branch,GEN-003,Sharps Containers 1 Gallon,General Supplies,32
7,West Branch,GEN-004,Hand Sanitizer 500ml,General Supplies,47
7,West Branch,GEN-005,Disposable Bed Sheets,General Supplies,68
7,West Branch,GEN-006,Pulse Oximeter Probes Disposable,General Supplies,49
7,West Branch,GEN-007,Oxygen Masks Adult,General Supplies,46
8,North Branch,PPE-001,Nitrile Examination Gloves (Box/100),PPE,134
8,North Branch,PPE-002,Surgical Face Masks (Box/50),PPE,82
8,North Branch,PPE-003,N95 Respirators (Box/20),PPE,53
8,North Branch,PPE-004,Isolation Gowns Disposable,PPE,150
8,North Branch,PPE-005,Face Shields Disposable,PPE,58
8,North Branch,INJ-001,Syringes 5ml with Needle,Injection & Infusion,74
8,North Branch,INJ-002,IV Catheters 18G,Injection & Infusion,45
8,North Branch,INJ-003,IV Tubing Sets,Injection & Infusion,93
8,North Branch,INJ-004,Infusion Sets with Filter,Injection & Infusion,83
8,North Branch,WND-001,Gauze Swabs Sterile 4x4 (Pack/10),Wound Care,90
8,North Branch,WND-002,Bandage Rolls 4 inch,Wound Care,72
8,North Branch,WND-003,Surgical Adhesive Tape 1 inch,Wound Care,53
8,North Branch,WND-004,Antiseptic Wipes (Pack/100),Wound Care,55
8,North Branch,GEN-001,Tongue Depressors (Pack/100),General Supplies,40
8,North Branch,GEN-002,Urine Collection Cups,General Supplies,109
8,North Branch,GEN-003,Sharps Containers 1 Gallon,General Supplies,33
8,North Branch,GEN-004,Hand Sanitizer 500ml,General Supplies,41
8,North Branch,GEN-005,Disposable Bed Sheets,General Supplies,84
8,North Branch,GEN-006,Pulse Oximeter Probes Disposable,General Supplies,38
8,North Branch,GEN-007,Oxygen Masks Adult,General Supplies,34
8,South Branch,PPE-001,Nitrile Examination Gloves (Box/100),PPE,102
8,South Branch,PPE-002,Surgical Face Masks (Box/50),PPE,92
8,South Branch,PPE-003,N95 Respirators (Box/20),PPE,51
8,South Branch,PPE-004,Isolation Gowns Disposable,PPE,145
8,South Branch,PPE-005,Face Shields Disposable,PPE,54
8,South Branch,INJ-001,Syringes 5ml with Needle,Injection & Infusion,53
8,South Branch,INJ-002,IV Catheters 18G,Injection & Infusion,33
8,South Branch,INJ-003,IV Tubing Sets,Injection & Infusion,68
8,South Branch,INJ-004,Infusion Sets with Filter,Injection & Infusion,51
8,South Branch,WND-001,Gauze Swabs Sterile 4x4 (Pack/10),Wound Care,68
8,South Branch,WND-002,Bandage Rolls 4 inch,Wound Care,51
8,South Branch,WND-003,Surgical Adhesive Tape 1 inch,Wound Care,42
8,South Branch,WND-004,Antiseptic Wipes (Pack/100),Wound Care,41
8,South Branch,GEN-001,Tongue Depressors (Pack/100),General Supplies,30
8,South Branch,GEN-002,Urine Collection Cups,General Supplies,92
8,South Branch,GEN-003,Sharps Containers 1 Gallon,General Supplies,23
8,South Branch,GEN-004,Hand Sanitizer 500ml,General Supplies,42
8,South Branch,GEN-005,Disposable Bed Sheets,General Supplies,52
8,South Branch,GEN-006,Pulse Oximeter Probes Disposable,General Supplies,28
8,South Branch,GEN-007,Oxygen Masks Adult,General Supplies,26
8,East Branch,PPE-001,Nitrile Examination Gloves (Box/100),PPE,72
8,East Branch,PPE-002,Surgical Face Masks (Box/50),PPE,56
8,East Branch,PPE-003,N95 Respirators (Box/20),PPE,36
8,East Branch,PPE-004,Isolation Gowns Disposable,PPE,104
8,East Branch,PPE-005,Face Shields Disposable,PPE,35
8,East Branch,INJ-001,Syringes 5ml with Needle,Injection & Infusion,47
8,East Branch,INJ-002,IV Catheters 18G,Injection & Infusion,28
8,East Branch,INJ-003,IV Tubing Sets,Injection & Infusion,60
8,East Branch,INJ-004,Infusion Sets with Filter,Injection & Infusion,48
8,East Branch,WND-001,Gauze Swabs Sterile 4x4 (Pack/10),Wound Care,68
8,East Branch,WND-002,Bandage Rolls 4 inch,Wound Care,39
8,East Branch,WND-003,Surgical Adhesive Tape 1 inch,Wound Care,35
8,East Branch,WND-004,Antiseptic Wipes (Pack/100),Wound Care,40
8,East Branch,GEN-001,Tongue Depressors (Pack/100),General Supplies,21
8,East Branch,GEN-002,Urine Collection Cups,General Supplies,73
8,East Branch,GEN-003,Sharps Containers 1 Gallon,General Supplies,22
8,East Branch,GEN-004,Hand Sanitizer 500ml,General Supplies,26
8,East Branch,GEN-005,Disposable Bed Sheets,General Supplies,43
8,East Branch,GEN-006,Pulse Oximeter Probes Disposable,General Supplies,28
8,East Branch,GEN-007,Oxygen Masks Adult,General Supplies,28
8,West Branch,PPE-001,Nitrile Examination Gloves (Box/100),PPE,127
8,West Branch,PPE-002,Surgical Face Masks (Box/50),PPE,96
8,West Branch,PPE-003,N95 Respirators (Box/20),PPE,69
8,West Branch,PPE-004,Isolation Gowns Disposable,PPE,217
8,West Branch,PPE-005,Face Shields Disposable,PPE,76
8,West Branch,INJ-001,Syringes 5ml with Needle,Injection & Infusion,79
8,West Branch,INJ-002,IV Catheters 18G,Injection & Infusion,55
8,West Branch,INJ-003,IV Tubing Sets,Injection & Infusion,123
8,West Branch,INJ-004,Infusion Sets with Filter,Injection & Infusion,68
8,West Branch,WND-001,Gauze Swabs Sterile 4x4 (Pack/10),Wound Care,100
8,West Branch,WND-002,Bandage Rolls 4 inch,Wound Care,91
8,West Branch,WND-003,Surgical Adhesive Tape 1 inch,Wound Care,64
8,West Branch,WND-004,Antiseptic Wipes (Pack/100),Wound Care,67
8,West Branch,GEN-001,Tongue Depressors (Pack/100),General Supplies,45
8,West Branch,GEN-002,Urine Collection Cups,General Supplies,94
8,West Branch,GEN-003,Sharps Containers 1 Gallon,General Supplies,32
8,West Branch,GEN-004,Hand Sanitizer 500ml,General Supplies,56
8,West Branch,GEN-005,Disposable Bed Sheets,General Supplies,75
8,West Branch,GEN-006,Pulse Oximeter Probes Disposable,General Supplies,40
8,West Branch,GEN-007,Oxygen Masks Adult,General Supplies,42
9,North Branch,PPE-001,Nitrile Examination Gloves (Box/100),PPE,77
9,North Branch,PPE-002,Surgical Face Masks (Box/50),PPE,66
9,North Branch,PPE-003,N95 Respirators (Box/20),PPE,42
9,North Branch,PPE-004,Isolation Gowns Disposable,PPE,134
9,North Branch,PPE-005,Face Shields Disposable,PPE,40
9,North Branch,INJ-001,Syringes 5ml with Needle,Injection & Infusion,83
9,North Branch,INJ-002,IV Catheters 18G,Injection & Infusion,49
9,North Branch,INJ-003,IV Tubing Sets,Injection & Infusion,102
9,North Branch,INJ-004,Infusion Sets with Filter,Injection & Infusion,80
9,North Branch,WND-001,Gauze Swabs Sterile 4x4 (Pack/10),Wound Care,95
9,North Branch,WND-002,Bandage Rolls 4 inch,Wound Care,60
9,North Branch,WND-003,Surgical Adhesive Tape 1 inch,Wound Care,48
9,North Branch,WND-004,Antiseptic Wipes (Pack/100),Wound Care,59
9,North Branch,GEN-001,Tongue Depressors (Pack/100),General Supplies,42
9,North Branch,GEN-002,Urine Collection Cups,General Supplies,93
9,North Branch,GEN-003,Sharps Containers 1 Gallon,General Supplies,24
9,North Branch,GEN-004,Hand Sanitizer 500ml,General Supplies,43
9,North Branch,GEN-005,Disposable Bed Sheets,General Supplies,68
9,North Branch,GEN-006,Pulse Oximeter Probes Disposable,General Supplies,40
9,North Branch,GEN-007,Oxygen Masks Adult,General Supplies,39
9,South Branch,PPE-001,Nitrile Examination Gloves (Box/100),PPE,75
9,South Branch,PPE-002,Surgical Face Masks (Box/50),PPE,71
9,South Branch,PPE-003,N95 Respirators (Box/20),PPE,41
9,South Branch,PPE-004,Isolation Gowns Disposable,PPE,107
9,South Branch,PPE-005,Face Shields Disposable,PPE,33
9,South Branch,INJ-001,Syringes 5ml with Needle,Injection & Infusion,51
9,South Branch,INJ-002,IV Catheters 18G,Injection & Infusion,35
9,South Branch,INJ-003,IV Tubing Sets,Injection & Infusion,69
9,South Branch,INJ-004,Infusion Sets with Filter,Injection & Infusion,52
9,South Branch,WND-001,Gauze Swabs Sterile 4x4 (Pack/10),Wound Care,73
9,South Branch,WND-002,Bandage Rolls 4 inch,Wound Care,52
9,South Branch,WND-003,Surgical Adhesive Tape 1 inch,Wound Care,46
9,South Branch,WND-004,Antiseptic Wipes (Pack/100),Wound Care,39
9,South Branch,GEN-001,Tongue Depressors (Pack/100),General Supplies,32
9,South Branch,GEN-002,Urine Collection Cups,General Supplies,77
9,South Branch,GEN-003,Sharps Containers 1 Gallon,General Supplies,28
9,South Branch,GEN-004,Hand Sanitizer 500ml,General Supplies,33
9,South Branch,GEN-005,Disposable Bed Sheets,General Supplies,57
9,South Branch,GEN-006,Pulse Oximeter Probes Disposable,General Supplies,38
9,South Branch,GEN-007,Oxygen Masks Adult,General Supplies,36
9,East Branch,PPE-001,Nitrile Examination Gloves (Box/100),PPE,72
9,East Branch,PPE-002,Surgical Face Masks (Box/50),PPE,43
9,East Branch,PPE-003,N95 Respirators (Box/20),PPE,27
9,East Branch,PPE-004,Isolation Gowns Disposable,PPE,102
9,East Branch,PPE-005,Face Shields Disposable,PPE,37
9,East Branch,INJ-001,Syringes 5ml with Needle,Injection & Infusion,49
9,East Branch,INJ-002,IV Catheters 18G,Injection & Infusion,32
9,East Branch,INJ-003,IV Tubing Sets,Injection & Infusion,58
9,East Branch,INJ-004,Infusion Sets with Filter,Injection & Infusion,53
9,East Branch,WND-001,Gauze Swabs Sterile 4x4 (Pack/10),Wound Care,55
9,East Branch,WND-002,Bandage Rolls 4 inch,Wound Care,44
9,East Branch,WND-003,Surgical Adhesive Tape 1 inch,Wound Care,31
9,East Branch,WND-004,Antiseptic Wipes (Pack/100),Wound Care,38
9,East Branch,GEN-001,Tongue Depressors (Pack/100),General Supplies,22
9,East Branch,GEN-002,Urine Collection Cups,General Supplies,54
9,East Branch,GEN-003,Sharps Containers 1 Gallon,General Supplies,20
9,East Branch,GEN-004,Hand Sanitizer 500ml,General Supplies,29
9,East Branch,GEN-005,Disposable Bed Sheets,General Supplies,49
9,East Branch,GEN-006,Pulse Oximeter Probes Disposable,General Supplies,22
9,East Branch,GEN-007,Oxygen Masks Adult,General Supplies,25
9,West Branch,PPE-001,Nitrile Examination Gloves (Box/100),PPE,113
9,West Branch,PPE-002,Surgical Face Masks (Box/50),PPE,68
9,West Branch,PPE-003,N95 Respirators (Box/20),PPE,52
9,West Branch,PPE-004,Isolation Gowns Disposable,PPE,143
9,West Branch,PPE-005,Face Shields Disposable,PPE,46
9,West Branch,INJ-001,Syringes 5ml with Needle,Injection & Infusion,100
9,West Branch,INJ-002,IV Catheters 18G,Injection & Infusion,52
9,West Branch,INJ-003,IV Tubing Sets,Injection & Infusion,125
9,West Branch,INJ-004,Infusion Sets with Filter,Injection & Infusion,75
9,West Branch,WND-001,Gauze Swabs Sterile 4x4 (Pack/10),Wound Care,120
9,West Branch,WND-002,Bandage Rolls 4 inch,Wound Care,92
9,West Branch,WND-003,Surgical Adhesive Tape 1 inch,Wound Care,58
9,West Branch,WND-004,Antiseptic Wipes (Pack/100),Wound Care,66
9,West Branch,GEN-001,Tongue Depressors (Pack/100),General Supplies,43
9,West Branch,GEN-002,Urine Collection Cups,General Supplies,105
9,West Branch,GEN-003,Sharps Containers 1 Gallon,General Supplies,39
9,West Branch,GEN-004,Hand Sanitizer 500ml,General Supplies,63
9,West Branch,GEN-005,Disposable Bed Sheets,General Supplies,99
9,West Branch,GEN-006,Pulse Oximeter Probes Disposable,General Supplies,38
9,West Branch,GEN-007,Oxygen Masks Adult,General Supplies,48
10,North Branch,PPE-001,Nitrile Examination Gloves (Box/100),PPE,112
10,North Branch,PPE-002,Surgical Face Masks (Box/50),PPE,62
10,North Branch,PPE-003,N95 Respirators (Box/20),PPE,39
10,North Branch,PPE-004,Isolation Gowns Disposable,PPE,157
10,North Branch,PPE-005,Face Shields Disposable,PPE,49
10,North Branch,INJ-001,Syringes 5ml with Needle,Injection & Infusion,81
10,North Branch,INJ-002,IV Catheters 18G,Injection & Infusion,41
10,North Branch,INJ-003,IV Tubing Sets,Injection & Infusion,107
10,North Branch,INJ-004,Infusion Sets with Filter,Injection & Infusion,63
10,North Branch,WND-001,Gauze Swabs Sterile 4x4 (Pack/10),Wound Care,83
10,North Branch,WND-002,Bandage Rolls 4 inch,Wound Care,62
10,North Branch,WND-003,Surgical Adhesive Tape 1 inch,Wound Care,54
10,North Branch,WND-004,Antiseptic Wipes (Pack/100),Wound Care,61
10,North Branch,GEN-001,Tongue Depressors (Pack/100),General Supplies,38
10,North Branch,GEN-002,Urine Collection Cups,General Supplies,90
10,North Branch,GEN-003,Sharps Containers 1 Gallon,General Supplies,33
10,North Branch,GEN-004,Hand Sanitizer 500ml,General Supplies,45
10,North Branch,GEN-005,Disposable Bed Sheets,General Supplies,81
10,North Branch,GEN-006,Pulse Oximeter Probes Disposable,General Supplies,37
10,North Branch,GEN-007,Oxygen Masks Adult,General Supplies,36
10,South Branch,PPE-001,Nitrile Examination Gloves (Box/100),PPE,78
10,South Branch,PPE-002,Surgical Face Masks (Box/50),PPE,55
10,South Branch,PPE-003,N95 Respirators (Box/20),PPE,43
10,South Branch,PPE-004,Isolation Gowns Disposable,PPE,120
10,South Branch,PPE-005,Face Shields Disposable,PPE,35
10,South Branch,INJ-001,Syringes 5ml with Needle,Injection & Infusion,69
10,South Branch,INJ-002,IV Catheters 18G,Injection & Infusion,38
10,South Branch,INJ-003,IV Tubing Sets,Injection & Infusion,81
10,South Branch,INJ-004,Infusion Sets with Filter,Injection & Infusion,69
10,South Branch,WND-001,Gauze Swabs Sterile 4x4 (Pack/10),Wound Care,83
10,South Branch,WND-002,Bandage Rolls 4 inch,Wound Care,50
10,South Branch,WND-003,Surgical Adhesive Tape 1 inch,Wound Care,47
10,South Branch,WND-004,Antiseptic Wipes (Pack/100),Wound Care,50
10,South Branch,GEN-001,Tongue Depressors (Pack/100),General Supplies,29
10,South Branch,GEN-002,Urine Collection Cups,General Supplies,68
10,South Branch,GEN-003,Sharps Containers 1 Gallon,General Supplies,26
10,South Branch,GEN-004,Hand Sanitizer 500ml,General Supplies,41
10,South Branch,GEN-005,Disposable Bed Sheets,General Supplies,60
10,South Branch,GEN-006,Pulse Oximeter Probes Disposable,General Supplies,37
10,South Branch,GEN-007,Oxygen Masks Adult,General Supplies,35
10,East Branch,PPE-001,Nitrile Examination Gloves (Box/100),PPE,55
10,East Branch,PPE-002,Surgical Face Masks (Box/50),PPE,44
10,East Branch,PPE-003,N95 Respirators (Box/20),PPE,28
10,East Branch,PPE-004,Isolation Gowns Disposable,PPE,105
10,East Branch,PPE-005,Face Shields Disposable,PPE,26
10,East Branch,INJ-001,Syringes 5ml with Needle,Injection & Infusion,49
10,East Branch,INJ-002,IV Catheters 18G,Injection & Infusion,35
10,East Branch,INJ-003,IV Tubing Sets,Injection & Infusion,73
10,East Branch,INJ-004,Infusion Sets with Filter,Injection & Infusion,44
10,East Branch,WND-001,Gauze Swabs Sterile 4x4 (Pack/10),Wound Care,72
10,East Branch,WND-002,Bandage Rolls 4 inch,Wound Care,40
10,East Branch,WND-003,Surgical Adhesive Tape 1 inch,Wound Care,36
10,East Branch,WND-004,Antiseptic Wipes (Pack/100),Wound Care,32
10,East Branch,GEN-001,Tongue Depressors (Pack/100),General Supplies,24
10,East Branch,GEN-002,Urine Collection Cups,General Supplies,71
10,East Branch,GEN-003,Sharps Containers 1 Gallon,General Supplies,16
10,East Branch,GEN-004,Hand Sanitizer 500ml,General Supplies,28
10,East Branch,GEN-005,Disposable Bed Sheets,General Supplies,52
10,East Branch,GEN-006,Pulse Oximeter Probes Disposable,General Supplies,27
10,East Branch,GEN-007,Oxygen Masks Adult,General Supplies,27
10,West Branch,PPE-001,Nitrile Examination Gloves (Box/100),PPE,120
10,West Branch,PPE-002,Surgical Face Masks (Box/50),PPE,85
10,West Branch,PPE-003,N95 Respirators (Box/20),PPE,50
10,West Branch,PPE-004,Isolation Gowns Disposable,PPE,157
10,West Branch,PPE-005,Face Shields Disposable,PPE,48
10,West Branch,INJ-001,Syringes 5ml with Needle,Injection & Infusion,97
10,West Branch,INJ-002,IV Catheters 18G,Injection & Infusion,57
10,West Branch,INJ-003,IV Tubing Sets,Injection & Infusion,107
10,West Branch,INJ-004,Infusion Sets with Filter,Injection & Infusion,82
10,West Branch,WND-001,Gauze Swabs Sterile 4x4 (Pack/10),Wound Care,132
10,West Branch,WND-002,Bandage Rolls 4 inch,Wound Care,72
10,West Branch,WND-003,Surgical Adhesive Tape 1 inch,Wound Care,57
10,West Branch,WND-004,Antiseptic Wipes (Pack/100),Wound Care,67
10,West Branch,GEN-001,Tongue Depressors (Pack/100),General Supplies,46
10,West Branch,GEN-002,Urine Collection Cups,General Supplies,90
10,West Branch,GEN-003,Sharps Containers 1 Gallon,General Supplies,38
10,West Branch,GEN-004,Hand Sanitizer 500ml,General Supplies,65
10,West Branch,GEN-005,Disposable Bed Sheets,General Supplies,86
10,West Branch,GEN-006,Pulse Oximeter Probes Disposable,General Supplies,48
10,West Branch,GEN-007,Oxygen Masks Adult,General Supplies,52
11,North Branch,PPE-001,Nitrile Examination Gloves (Box/100),PPE,103
11,North Branch,PPE-002,Surgical Face Masks (Box/50),PPE,61
11,North Branch,PPE-003,N95 Respirators (Box/20),PPE,49
11,North Branch,PPE-004,Isolation Gowns Disposable,PPE,150
11,North Branch,PPE-005,Face Shields Disposable,PPE,46
11,North Branch,INJ-001,Syringes 5ml with Needle,Injection & Infusion,78
11,North Branch,INJ-002,IV Catheters 18G,Injection & Infusion,56
11,North Branch,INJ-003,IV Tubing Sets,Injection & Infusion,112
11,North Branch,INJ-004,Infusion Sets with Filter,Injection & Infusion,70
11,North Branch,WND-001,Gauze Swabs Sterile 4x4 (Pack/10),Wound Care,81
11,North Branch,WND-002,Bandage Rolls 4 inch,Wound Care,85
11,North Branch,WND-003,Surgical Adhesive Tape 1 inch,Wound Care,54
11,North Branch,WND-004,Antiseptic Wipes (Pack/100),Wound Care,48
11,North Branch,GEN-001,Tongue Depressors (Pack/100),General Supplies,44
11,North Branch,GEN-002,Urine Collection Cups,General Supplies,110
11,North Branch,GEN-003,Sharps Containers 1 Gallon,General Supplies,29
11,North Branch,GEN-004,Hand Sanitizer 500ml,General Supplies,49
11,North Branch,GEN-005,Disposable Bed Sheets,General Supplies,69
11,North Branch,GEN-006,Pulse Oximeter Probes Disposable,General Supplies,31
11,North Branch,GEN-007,Oxygen Masks Adult,General Supplies,35
11,South Branch,PPE-001,Nitrile Examination Gloves (Box/100),PPE,89
11,South Branch,PPE-002,Surgical Face Masks (Box/50),PPE,48
11,South Branch,PPE-003,N95 Respirators (Box/20),PPE,37
11,South Branch,PPE-004,Isolation Gowns Disposable,PPE,115
11,South Branch,PPE-005,Face Shields Disposable,PPE,40
11,South Branch,INJ-001,Syringes 5ml with Needle,Injection & Infusion,70
11,South Branch,INJ-002,IV Catheters 18G,Injection & Infusion,37
11,South Branch,INJ-003,IV Tubing Sets,Injection & Infusion,75
11,South Branch,INJ-004,Infusion Sets with Filter,Injection & Infusion,65
11,South Branch,WND-001,Gauze Swabs Sterile 4x4 (Pack/10),Wound Care,78
11,South Branch,WND-002,Bandage Rolls 4 inch,Wound Care,53
11,South Branch,WND-003,Surgical Adhesive Tape 1 inch,Wound Care,39
11,South Branch,WND-004,Antiseptic Wipes (Pack/100),Wound Care,41
11,South Branch,GEN-001,Tongue Depressors (Pack/100),General Supplies,27
11,South Branch,GEN-002,Urine Collection Cups,General Supplies,79
11,South Branch,GEN-003,Sharps Containers 1 Gallon,General Supplies,23
11,South Branch,GEN-004,Hand Sanitizer 500ml,General Supplies,46
11,South Branch,GEN-005,Disposable Bed Sheets,General Supplies,56
11,South Branch,GEN-006,Pulse Oximeter Probes Disposable,General Supplies,33
11,South Branch,GEN-007,Oxygen Masks Adult,General Supplies,33
11,East Branch,PPE-001,Nitrile Examination Gloves (Box/100),PPE,51
11,East Branch,PPE-002,Surgical Face Masks (Box/50),PPE,51
11,East Branch,PPE-003,N95 Respirators (Box/20),PPE,27
11,East Branch,PPE-004,Isolation Gowns Disposable,PPE,113
11,East Branch,PPE-005,Face Shields Disposable,PPE,27
11,East Branch,INJ-001,Syringes 5ml with Needle,Injection & Infusion,46
11,East Branch,INJ-002,IV Catheters 18G,Injection & Infusion,26
11,East Branch,INJ-003,IV Tubing Sets,Injection & Infusion,76
11,East Branch,INJ-004,Infusion Sets with Filter,Injection & Infusion,48
11,East Branch,WND-001,Gauze Swabs Sterile 4x4 (Pack/10),Wound Care,66
11,East Branch,WND-002,Bandage Rolls 4 inch,Wound Care,39
11,East Branch,WND-003,Surgical Adhesive Tape 1 inch,Wound Care,35
11,East Branch,WND-004,Antiseptic Wipes (Pack/100),Wound Care,33
11,East Branch,GEN-001,Tongue Depressors (Pack/100),General Supplies,29
11,East Branch,GEN-002,Urine Collection Cups,General Supplies,56
11,East Branch,GEN-003,Sharps Containers 1 Gallon,General Supplies,16
11,East Branch,GEN-004,Hand Sanitizer 500ml,General Supplies,26
11,East Branch,GEN-005,Disposable Bed Sheets,General Supplies,47
11,East Branch,GEN-006,Pulse Oximeter Probes Disposable,General Supplies,26
11,East Branch,GEN-007,Oxygen Masks Adult,General Supplies,21
11,West Branch,PPE-001,Nitrile Examination Gloves (Box/100),PPE,124
11,West Branch,PPE-002,Surgical Face Masks (Box/50),PPE,82
11,West Branch,PPE-003,N95 Respirators (Box/20),PPE,56
11,West Branch,PPE-004,Isolation Gowns Disposable,PPE,164
11,West Branch,PPE-005,Face Shields Disposable,PPE,53
11,West Branch,INJ-001,Syringes 5ml with Needle,Injection & Infusion,86
11,West Branch,INJ-002,IV Catheters 18G,Injection & Infusion,48
11,West Branch,INJ-003,IV Tubing Sets,Injection & Infusion,97
11,West Branch,INJ-004,Infusion Sets with Filter,Injection & Infusion,96
11,West Branch,WND-001,Gauze Swabs Sterile 4x4 (Pack/10),Wound Care,131
11,West Branch,WND-002,Bandage Rolls 4 inch,Wound Care,79
11,West Branch,WND-003,Surgical Adhesive Tape 1 inch,Wound Care,50
11,West Branch,WND-004,Antiseptic Wipes (Pack/100),Wound Care,71
11,West Branch,GEN-001,Tongue Depressors (Pack/100),General Supplies,43
11,West Branch,GEN-002,Urine Collection Cups,General Supplies,90
11,West Branch,GEN-003,Sharps Containers 1 Gallon,General Supplies,28
11,West Branch,GEN-004,Hand Sanitizer 500ml,General Supplies,60
11,West Branch,GEN-005,Disposable Bed Sheets,General Supplies,89
11,West Branch,GEN-006,Pulse Oximeter Probes Disposable,General Supplies,36
11,West Branch,GEN-007,Oxygen Masks Adult,General Supplies,39
12,North Branch,PPE-001,Nitrile Examination Gloves (Box/100),PPE,85
12,North Branch,PPE-002,Surgical Face Masks (Box/50),PPE,76
12,North Branch,PPE-003,N95 Respirators (Box/20),PPE,38
12,North Branch,PPE-004,Isolation Gowns Disposable,PPE,121
12,North Branch,PPE-005,Face Shields Disposable,PPE,53
12,North Branch,INJ-001,Syringes 5ml with Needle,Injection & Infusion,62
12,North Branch,INJ-002,IV Catheters 18G,Injection & Infusion,50
12,North Branch,INJ-003,IV Tubing Sets,Injection & Infusion,85
12,North Branch,INJ-004,Infusion Sets with Filter,Injection & Infusion,60
12,North Branch,WND-001,Gauze Swabs Sterile 4x4 (Pack/10),Wound Care,86
12,North Branch,WND-002,Bandage Rolls 4 inch,Wound Care,78
12,North Branch,WND-003,Surgical Adhesive Tape 1 inch,Wound Care,54
12,North Branch,WND-004,Antiseptic Wipes (Pack/100),Wound Care,65
12,North Branch,GEN-001,Tongue Depressors (Pack/100),General Supplies,36
12,North Branch,GEN-002,Urine Collection Cups,General Supplies,102
12,North Branch,GEN-003,Sharps Containers 1 Gallon,General Supplies,25
12,North Branch,GEN-004,Hand Sanitizer 500ml,General Supplies,44
12,North Branch,GEN-005,Disposable Bed Sheets,General Supplies,83
12,North Branch,GEN-006,Pulse Oximeter Probes Disposable,General Supplies,30
12,North Branch,GEN-007,Oxygen Masks Adult,General Supplies,32
12,South Branch,PPE-001,Nitrile Examination Gloves (Box/100),PPE,70
12,South Branch,PPE-002,Surgical Face Masks (Box/50),PPE,48
12,South Branch,PPE-003,N95 Respirators (Box/20),PPE,34
12,South Branch,PPE-004,Isolation Gowns Disposable,PPE,123
12,South Branch,PPE-005,Face Shields Disposable,PPE,38
12,South Branch,INJ-001,Syringes 5ml with Needle,Injection & Infusion,69
12,South Branch,INJ-002,IV Catheters 18G,Injection & Infusion,45
12,South Branch,INJ-003,IV Tubing Sets,Injection & Infusion,74
12,South Branch,INJ-004,Infusion Sets with Filter,Injection & Infusion,54
12,South Branch,WND-001,Gauze Swabs Sterile 4x4 (Pack/10),Wound Care,76
12,South Branch,WND-002,Bandage Rolls 4 inch,Wound Care,62
12,South Branch,WND-003,Surgical Adhesive Tape 1 inch,Wound Care,36
12,South Branch,WND-004,Antiseptic Wipes (Pack/100),Wound Care,50
12,South Branch,GEN-001,Tongue Depressors (Pack/100),General Supplies,30
12,South Branch,GEN-002,Urine Collection Cups,General Supplies,81
12,South Branch,GEN-003,Sharps Containers 1 Gallon,General Supplies,23
12,South Branch,GEN-004,Hand Sanitizer 500ml,General Supplies,36
12,South Branch,GEN-005,Disposable Bed Sheets,General Supplies,70
12,South Branch,GEN-006,Pulse Oximeter Probes Disposable,General Supplies,35
12,South Branch,GEN-007,Oxygen Masks Adult,General Supplies,27
12,East Branch,PPE-001,Nitrile Examination Gloves (Box/100),PPE,73
12,East Branch,PPE-002,Surgical Face Masks (Box/50),PPE,47
12,East Branch,PPE-003,N95 Respirators (Box/20),PPE,37
12,East Branch,PPE-004,Isolation Gowns Disposable,PPE,107
12,East Branch,PPE-005,Face Shields Disposable,PPE,31
12,East Branch,INJ-001,Syringes 5ml with Needle,Injection & Infusion,38
12,East Branch,INJ-002,IV Catheters 18G,Injection & Infusion,29
12,East Branch,INJ-003,IV Tubing Sets,Injection & Infusion,65
12,East Branch,INJ-004,Infusion Sets with Filter,Injection & Infusion,50
12,East Branch,WND-001,Gauze Swabs Sterile 4x4 (Pack/10),Wound Care,57
12,East Branch,WND-002,Bandage Rolls 4 inch,Wound Care,41
12,East Branch,WND-003,Surgical Adhesive Tape 1 inch,Wound Care,36
12,East Branch,WND-004,Antiseptic Wipes (Pack/100),Wound Care,45
12,East Branch,GEN-001,Tongue Depressors (Pack/100),General Supplies,25
12,East Branch,GEN-002,Urine Collection Cups,General Supplies,55
12,East Branch,GEN-003,Sharps Containers 1 Gallon,General Supplies,17
12,East Branch,GEN-004,Hand Sanitizer 500ml,General Supplies,25
12,East Branch,GEN-005,Disposable Bed Sheets,General Supplies,55
12,East Branch,GEN-006,Pulse Oximeter Probes Disposable,General Supplies,21
12,East Branch,GEN-007,Oxygen Masks Adult,General Supplies,26
12,West Branch,PPE-001,Nitrile Examination Gloves (Box/100),PPE,101
12,West Branch,PPE-002,Surgical Face Masks (Box/50),PPE,85
12,West Branch,PPE-003,N95 Respirators (Box/20),PPE,59
12,West Branch,PPE-004,Isolation Gowns Disposable,PPE,190
12,West Branch,PPE-005,Face Shields Disposable,PPE,49
12,West Branch,INJ-001,Syringes 5ml with Needle,Injection & Infusion,67
12,West Branch,INJ-002,IV Catheters 18G,Injection & Infusion,47
12,West Branch,INJ-003,IV Tubing Sets,Injection & Infusion,129
12,West Branch,INJ-004,Infusion Sets with Filter,Injection & Infusion,96
12,West Branch,WND-001,Gauze Swabs Sterile 4x4 (Pack/10),Wound Care,116
12,West Branch,WND-002,Bandage Rolls 4 inch,Wound Care,87
12,West Branch,WND-003,Surgical Adhesive Tape 1 inch,Wound Care,59
12,West Branch,WND-004,Antiseptic Wipes (Pack/100),Wound Care,58
12,West Branch,GEN-001,Tongue Depressors (Pack/100),General Supplies,52
12,West Branch,GEN-002,Urine Collection Cups,General Supplies,108
12,West Branch,GEN-003,Sharps Containers 1 Gallon,General Supplies,32
12,West Branch,GEN-004,Hand Sanitizer 500ml,General Supplies,56
12,West Branch,GEN-005,Disposable Bed Sheets,General Supplies,68
12,West Branch,GEN-006,Pulse Oximeter Probes Disposable,General Supplies,38
12,West Branch,GEN-007,Oxygen Masks Adult,General Supplies,49
